PassengerId,Survived,Pclass,Name,Sex,Age,SibSp,Parch,Ticket,Fare,Cabin,Embarked
1,0,3,"Braund, Mr. Owen Harris",male,-0.5303766406838785,1,0,A/5 21171,-0.5024451714361923,,S
3,1,3,"Heikkinen, Miss. Laina",female,-0.25482473201211503,0,0,STON/O2. 3101282,-0.4888542575852486,,S
4,1,1,"Futrelle, Mrs. Jacques Heath (Lily May Peel)",female,0.36516706249935255,1,0,113803,0.4207302360686478,C123,S
5,0,3,"Allen, Mr. William Henry",male,0.36516706249935255,0,0,373450,-0.4863374216869257,,S
7,0,1,"McCarthy, Mr. Timothy J",male,1.6740386286902287,0,0,17463,0.395813560675251,E46,S
8,0,3,"Palsson, Master. Gosta Leonard",male,-1.9081361840426954,3,1,349909,-0.22408312108167944,,S
9,1,3,"Johnson, Mrs. Oscar W (Elisabeth Vilhelmina Berg)",female,-0.1859367548441742,0,2,347742,-0.4242561406845337,,S
10,1,2,"Nasser, Mrs. Nicholas (Adele Achem)",female,-1.0814804580274051,1,0,237736,-0.04295550208861426,,C
11,1,3,"Sandstrom, Miss. Marguerite Rut",female,-1.7703602297068137,1,1,PP 9549,-0.312172377522981,G6,S
12,1,1,"Bonnell, Miss. Elizabeth",female,1.949590537361992,0,0,113783,-0.11384570873513637,C103,S
13,0,3,"Saundercock, Mr. William Henry",male,-0.6681525950197601,0,0,A/5. 2151,-0.4863374216869257,,S
14,0,3,"Andersson, Mr. Anders Johan",male,0.6407189711711159,1,5,347082,-0.01870931177853076,,S
15,0,3,"Vestrom, Miss. Hulda Amanda Adolfina",female,-1.0814804580274051,0,0,350406,-0.4902797934380587,,S
16,1,2,"Hewlett, Mrs. (Mary D Kingcome) ",female,1.7429266058581694,0,0,248706,-0.3262666585535892,,S
17,0,3,"Rice, Master. Eugene",male,-1.9081361840426954,4,1,382652,-0.06199888922968463,,Q
19,0,3,"Vander Planke, Mrs. Julius (Emelia Maria Vandemoortele)",female,0.08961515382758917,1,0,345763,-0.2859972841804228,,S
21,0,2,"Fynney, Mr. Joseph J",male,0.36516706249935255,0,0,239865,-0.12491978668775715,,S
22,1,2,"Beesley, Mr. Lawrence",male,0.2962790853314117,0,0,248698,-0.3866707201133388,D56,S
23,1,3,"McGowan, Miss. Anna ""Annie""",female,-1.0125924808594644,0,0,330923,-0.4867562231804066,,Q
24,1,1,"Sloper, Mr. William Thompson",male,-0.11704877767623337,0,0,113788,0.06635974158478332,A6,S
25,0,3,"Palsson, Miss. Torborg Danira",female,-1.4948083210350502,3,1,349909,-0.22408312108167944,,S
26,1,3,"Asplund, Mrs. Carl Oscar (Selma Augusta Emilia Johansson)",female,0.571830994003175,1,5,347077,-0.016444159470040135,,S
31,0,1,"Uruchurtu, Don. Manuel E",male,0.7096069483390568,0,0,PC 17601,-0.09027201697708476,,C
36,0,1,"Holverson, Mr. Alexander Oskar",male,0.8473829026749384,1,0,113789,0.39858208016340624,,S
38,0,3,"Cann, Mr. Ernest Charles",male,-0.5992646178518193,0,0,A./5. 2152,-0.4863374216869257,,S
39,0,3,"Vander Planke, Miss. Augusta Maria",female,-0.8059285493556418,2,0,345764,-0.2859972841804228,,S
40,1,3,"Nicola-Yarred, Miss. Jamila",female,-1.0814804580274051,1,0,2651,-0.42207354059350805,,C
41,0,3,"Ahlin, Mrs. Johan (Johanna Persdotter Larsson)",female,0.7096069483390568,1,0,7546,-0.4576454924460446,,S
42,0,2,"Turpin, Mrs. William John Robert (Dorothy Ann Wonnacott)",female,-0.1859367548441742,1,0,11668,-0.22559322262067316,,S
44,1,2,"Laroche, Miss. Simonne Marie Anne Andree",female,-1.8392482068747544,1,2,SC/Paris 2123,0.18876253192945994,,C
45,1,3,"Devaney, Miss. Margaret Delia",female,-0.7370405721877009,0,0,330958,-0.48977642625839407,,Q
50,0,3,"Arnold-Franchi, Mrs. Josef (Josefine Franchi)",female,-0.8059285493556418,1,0,349237,-0.29002422161773944,,S
51,0,3,"Panula, Master. Juha Niilo",male,-1.5636962982029912,4,1,3101295,0.1506737441786005,,S
52,0,3,"Nosworthy, Mr. Richard Cater",male,-0.5992646178518193,0,0,A/4. 39886,-0.4913710934835715,,S
54,1,2,"Faunthorpe, Mrs. Lizzie (Elizabeth Anne Wilkinson)",female,-0.04816080050829252,1,0,2926,-0.12491978668775715,,S
57,1,2,"Rugg, Miss. Emily",female,-0.5992646178518193,0,0,C.A. 31026,-0.43700743807979686,,S
58,0,3,"Novel, Mr. Mansouer",male,-0.08260478909226295,0,0,2697,-0.5028639729296732,,C
59,1,2,"West, Miss. Constance Mirium",female,-1.7014722525388728,1,2,C.A. 34651,-0.08968408411123653,,S
60,0,3,"Goodwin, Master. William Frederick",male,-1.2881443895312277,5,2,CA 2144,0.2958951755118318,,S
61,0,3,"Sirayanian, Mr. Orsen",male,-0.5303766406838785,0,0,2669,-0.5028639729296732,,C
64,0,3,"Skoog, Master. Harald",male,-1.7703602297068137,3,2,347088,-0.08666388103324908,,S
67,1,2,"Nye, Mrs. (Elizabeth Ramell)",female,-0.04816080050829252,0,0,C.A. 29395,-0.43700743807979686,F33,S
68,0,3,"Crease, Mr. Ernest James",male,-0.7370405721877009,0,0,S.P. 3464,-0.4841568350646187,,S
69,1,3,"Andersson, Miss. Erna Alexandra",female,-0.8748165265235827,4,2,3101281,-0.4888542575852486,,S
70,0,3,"Kink, Mr. Vincenz",male,-0.25482473201211503,2,0,315151,-0.47400492578514347,,S
71,0,2,"Jenkin, Mr. Stephen Curnow",male,0.15850313099553,0,0,C.A. 33111,-0.43700743807979686,,S
72,0,3,"Goodwin, Miss. Lillian Amy",female,-0.9437045036915235,5,2,CA 2144,0.2958951755118318,,S
74,0,3,"Chronopoulos, Mr. Apostolos",male,-0.25482473201211503,1,0,2680,-0.3573908580066095,,C
75,1,3,"Bing, Mr. Lee",male,0.15850313099553,0,0,1601,0.48910360681684706,,S
76,0,3,"Moen, Mr. Sigurd Hansen",male,-0.3237127091800559,0,0,348123,-0.494391296561559,F G73,S
79,1,2,"Caldwell, Master. Alden Gates",male,-1.9887351173291863,0,2,248738,-0.06451572512800753,,S
80,1,3,"Dowdell, Miss. Elizabeth",female,0.020727176659648322,0,0,364516,-0.397241430886295,,S
81,0,3,"Waelens, Mr. Achille",male,-0.5303766406838785,0,0,345767,-0.46720946885967163,,S
82,1,3,"Sheerlinck, Mr. Jan Baptist",male,-0.04816080050829252,0,0,345779,-0.45714212526638004,,S
84,0,1,"Carrau, Mr. Francisco M",male,-0.11704877767623337,0,0,113059,0.29992211294914856,,S
85,1,2,"Ilett, Miss. Bertha",female,-0.8748165265235827,0,0,SO/C 14885,-0.43700743807979686,,S
86,1,3,"Backstrom, Mrs. Karl Alfred (Maria Mathilda Gustafsson)",female,0.22739110816347086,3,0,3101278,-0.32928686163157667,,S
87,0,3,"Ford, Mr. William Neal",male,-0.9437045036915235,1,3,W./C. 6608,0.04370821849987721,,S
90,0,3,"Celotti, Mr. Francesco",male,-0.3926006863479967,0,0,343275,-0.4863374216869257,,S
91,0,3,"Christmann, Mr. Emil",male,-0.04816080050829252,0,0,343276,-0.4863374216869257,,S
92,0,3,"Andreasson, Mr. Paul Edvin",male,-0.6681525950197601,0,0,347466,-0.4902797934380587,,S
93,0,1,"Chaffee, Mr. Herbert Fuller",male,1.122934811346702,1,0,W.E.P. 5734,0.5833178351003071,E31,S
94,0,3,"Dean, Mr. Bertram Frank",male,-0.25482473201211503,1,2,C.A. 2315,-0.23415046467497105,,S
95,0,3,"Coxon, Mr. Daniel",male,2.018478514529933,0,0,364500,-0.5024451714361923,,S
98,1,1,"Greenfield, Mr. William Bertram",male,-0.4614886635159376,0,1,PC 17759,0.6272778976347743,D10 D12,C
99,1,2,"Doling, Mrs. John T (Ada Julia Bone)",female,0.2962790853314117,0,1,231919,-0.18532384824750675,,S
100,0,2,"Kantor, Mr. Sinai",male,0.2962790853314117,1,0,244367,-0.12491978668775715,,S
101,0,3,"Petranec, Miss. Matilda",female,-0.11704877767623337,0,0,349245,-0.4894421904510968,,S
104,0,3,"Johansson, Mr. Gustaf Joel",male,0.22739110816347086,0,0,7540,-0.4741720436887921,,S
105,0,3,"Gustafsson, Mr. Anders Vilhelm",male,0.5029430168352342,2,0,3101276,-0.4888542575852486,,S
106,0,3,"Mionoff, Mr. Stoytcho",male,-0.11704877767623337,0,0,349207,-0.4894421904510968,,S
107,1,3,"Salkjelsvik, Miss. Anna Kristine",female,-0.5992646178518193,0,0,343120,-0.494391296561559,,S
109,0,3,"Rekic, Mr. Tido",male,0.571830994003175,0,0,349249,-0.4894421904510968,,S
111,0,1,"Porter, Mr. Walter Chamberlain",male,1.1918227885146426,0,0,110465,0.39858208016340624,C110,S
112,0,3,"Zabour, Miss. Hileni",female,-1.0470364694434349,1,0,2665,-0.3573908580066095,,C
113,0,3,"Barton, Mr. David John",male,-0.5303766406838785,0,0,324669,-0.4863374216869257,,S
114,0,3,"Jussila, Miss. Katriina",female,-0.6681525950197601,1,0,4136,-0.4505983519307405,,S
115,0,3,"Attalah, Miss. Malake",female,-0.8748165265235827,0,0,2627,-0.3573083057891445,,C
116,0,3,"Pekoniemi, Mr. Edvard",male,-0.5992646178518193,0,0,STON/O 2. 3101294,-0.4888542575852486,,S
118,0,2,"Turpin, Mr. William John Robert",male,-0.04816080050829252,1,0,11668,-0.22559322262067316,,S
120,0,3,"Andersson, Miss. Ellis Anna Maria",female,-1.9081361840426954,4,2,347082,-0.01870931177853076,,S
123,0,2,"Nasser, Mr. Nicholas",male,0.19294711957950042,1,0,237736,-0.04295550208861426,,C
124,1,2,"Webber, Miss. Susan",female,0.19294711957950042,0,0,27267,-0.3866707201133388,E101,S
126,1,3,"Nicola-Yarred, Master. Elias",male,-1.219256412363287,1,0,2651,-0.42207354059350805,,C
128,1,3,"Madsen, Mr. Fridtjof Arne",male,-0.3926006863479967,0,0,C 17369,-0.5046257580584992,,S
130,0,3,"Ekstrom, Mr. Johan",male,1.054046834178761,0,0,347061,-0.5079822104125026,,S
131,0,3,"Drazenoic, Mr. Jozef",male,0.22739110816347086,0,0,349241,-0.4894421904510968,,C
132,0,3,"Coelho, Mr. Domingos Fernandeo",male,-0.6681525950197601,0,0,SOTON/O.Q. 3101307,-0.5064721088735089,,S
133,0,3,"Robins, Mrs. Alexander A (Grace Charity Laury)",female,1.1918227885146426,1,0,A/5. 3337,-0.35646868933346404,,S
134,1,2,"Weisz, Mrs. Leopold (Mathilde Francoise Pede)",female,-0.04816080050829252,1,0,228414,-0.12491978668775715,,S
135,0,2,"Sobey, Mr. Samuel James Hayden",male,-0.3237127091800559,0,0,C.A. 29178,-0.3866707201133388,,S
136,0,2,"Richard, Mr. Emile",male,-0.4614886635159376,0,0,SC/PARIS 2133,-0.3454791770670269,,C
137,1,1,"Newsom, Miss. Helen Monypeny",female,-0.7370405721877009,0,2,11752,-0.11921562980779811,D47,S
138,0,1,"Futrelle, Mr. Jacques Heath",male,0.5029430168352342,1,0,113803,0.4207302360686478,C123,S
139,0,3,"Osen, Mr. Olaf Elon",male,-0.9437045036915235,0,0,7534,-0.4628462821463391,,S
142,1,3,"Nysten, Miss. Anna Sofia",female,-0.5303766406838785,0,0,347081,-0.49237782784290063,,S
143,1,3,"Hakkarainen, Mrs. Pekka Pietari (Elin Matilda Dolck)",female,-0.3926006863479967,1,0,STON/O2. 3101279,-0.32928686163157667,,S
144,0,3,"Burke, Mr. Jeremiah",male,-0.7370405721877009,0,0,365222,-0.5125125150294839,,Q
145,0,2,"Andrew, Mr. Edgardo Samuel",male,-0.8059285493556418,0,0,231945,-0.41687275089321363,,S
146,0,2,"Nicholls, Mr. Joseph Charles",male,-0.7370405721877009,1,1,C.A. 33112,0.09152810056801232,,S
147,1,3,"Andersson, Mr. August Edvard (""Wennerstrom"")",male,-0.1859367548441742,0,0,350043,-0.49145565916975514,,S
148,0,3,"Ford, Miss. Robina Maggie ""Ruby""",female,-1.4259203438671093,2,2,W./C. 6608,0.04370821849987721,,S
149,0,2,"Navratil, Mr. Michel (""Louis M Hoffman"")",male,0.4684990282512638,0,2,230080,-0.12491978668775715,F2,S
150,0,2,"Byles, Rev. Thomas Roussel Davids",male,0.8473829026749384,0,0,244310,-0.3866707201133388,,S
151,0,2,"Bateman, Rev. Robert James",male,1.4673746971864061,0,0,S.O.P. 1166,-0.39623469652696586,,S
152,1,1,"Pears, Mrs. Thomas (Edith Wearne)",female,-0.5303766406838785,1,0,113776,0.6925485130875209,C2,S
153,0,3,"Meo, Mr. Alfonzo",male,1.7773705944421399,0,0,A.5. 11206,-0.4863374216869257,,S
154,0,3,"van Billiard, Mr. Austin Blyler",male,0.7440509369230272,0,2,A/5. 851,-0.35646868933346404,,S
156,0,1,"Williams, Mr. Charles Duane",male,1.4673746971864061,0,1,PC 17597,0.5874293382238074,,C
157,1,3,"Gilnagh, Miss. Katherine ""Katie""",female,-0.9437045036915235,0,0,35851,-0.49271407711891657,,Q
158,0,3,"Corn, Mr. Harry",male,0.020727176659648322,0,0,SOTON/OQ 392090,-0.4863374216869257,,S
161,0,3,"Cribb, Mr. John Hatfield",male,0.9851588570108202,0,1,371362,-0.32425318983493084,,S
162,1,2,"Watt, Mrs. James (Elizabeth ""Bessie"" Inglis Milne)",female,0.7096069483390568,0,0,C.A. 33595,-0.331300330350235,,S
163,0,3,"Bengtsson, Mr. John Viktor",male,-0.25482473201211503,0,0,347068,-0.4918744606632361,,S
164,0,3,"Calic, Mr. Jovo",male,-0.8748165265235827,0,0,315093,-0.47400492578514347,,S
165,0,3,"Panula, Master. Eino Viljami",male,-1.977024161210636,4,1,3101295,0.1506737441786005,,S
166,1,3,"Goldsmith, Master. Frank John William ""Frankie""",male,-1.4259203438671093,0,2,363291,-0.2351571990343002,,S
168,0,3,"Skoog, Mrs. William (Anna Bernhardina Karlsson)",female,1.054046834178761,1,4,347088,-0.08666388103324908,,S
170,0,3,"Ling, Mr. Lee",male,-0.11704877767623337,0,0,1601,0.48910360681684706,,S
171,0,1,"Van der hoef, Mr. Wyckoff",male,2.1562544688658143,0,0,111240,0.026090367211616904,B19,S
172,0,3,"Rice, Master. Arthur",male,-1.7703602297068137,4,1,382652,-0.06199888922968463,,Q
173,1,3,"Johnson, Miss. Eleanor Ileen",female,-1.977024161210636,1,1,347742,-0.4242561406845337,,S
174,0,3,"Sivola, Mr. Antti Wilhelm",male,-0.5992646178518193,0,0,STON/O 2. 3101280,-0.4888542575852486,,S
175,0,1,"Smith, Mr. James Clinch",male,1.8118145830261103,0,0,17764,-0.030371322596999754,A7,C
176,0,3,"Klasen, Mr. Klas Albin",male,-0.8059285493556418,1,1,350404,-0.4902797934380587,,S
178,0,1,"Isham, Miss. Ann Elizabeth",female,1.3984867200184652,0,0,PC 17595,-0.07030444769415023,C49,C
179,0,2,"Hale, Mr. Reginald",male,0.020727176659648322,0,0,250653,-0.3866707201133388,,S
180,0,3,"Leonard, Mr. Lionel",male,0.43405503966729336,0,0,LINE,-0.6484216535389205,,S
183,0,3,"Asplund, Master. Clarence Gustaf Hugo",male,-1.4259203438671093,4,2,347077,-0.016444159470040135,,S
184,1,2,"Becker, Master. Richard F",male,-1.977024161210636,2,1,230136,0.13683114673782454,F4,S
185,1,3,"Kink-Heilmann, Miss. Luise Gretchen",female,-1.7703602297068137,0,2,315153,-0.20495516825442542,,S
188,1,1,"Romaine, Mr. Charles Hallace (""Mr C Rolmane"")",male,1.054046834178761,0,0,111428,-0.11384570873513637,,S
189,0,3,"Bourke, Mr. John",male,0.7096069483390568,1,1,364849,-0.3363340021468808,,Q
190,0,3,"Turcin, Mr. Stjepan",male,0.43405503966729336,0,0,349247,-0.4894421904510968,,S
191,1,2,"Pinsky, Mrs. (Rosa)",female,0.15850313099553,0,0,234604,-0.3866707201133388,,S
192,0,2,"Carbines, Mr. William",male,-0.7370405721877009,0,0,28424,-0.3866707201133388,,S
193,1,3,"Andersen-Jensen, Miss. Carla Christine Nielsine",female,-0.7370405721877009,1,0,350046,-0.4902797934380587,,S
194,1,2,"Navratil, Master. Michel M",male,-1.8392482068747544,1,1,230080,-0.12491978668775715,F2,S
195,1,1,"Brown, Mrs. James Joseph (Margaret Tobin)",female,0.9851588570108202,0,0,PC 17610,-0.09027201697708476,B4,C
198,0,3,"Olsen, Mr. Karl Siegwart Andreas",male,0.8473829026749384,0,1,4579,-0.47920571548543794,,S
200,0,2,"Yrois, Miss. Henriette (""Mrs Harbeck"")",female,-0.3926006863479967,0,0,248747,-0.3866707201133388,,S
201,0,3,"Vande Walle, Mr. Nestor Cyriel",male,-0.11704877767623337,0,0,345770,-0.45714212526638004,,S
203,0,3,"Johanson, Mr. Jakob Alfred",male,0.2962790853314117,0,0,3101264,-0.5176307525123133,,S
204,0,3,"Youseff, Mr. Gerious",male,1.0884908227627315,0,0,2628,-0.5029485386158568,,C
205,1,3,"Cohen, Mr. Gurshon ""Gus""",male,-0.8059285493556418,0,0,A/5 3540,-0.4863374216869257,,S
206,0,3,"Strom, Miss. Telma Matilda",female,-1.9081361840426954,0,1,347054,-0.43776248884929375,G6,S
207,0,3,"Backstrom, Mr. Karl Alfred",male,0.15850313099553,1,0,3101278,-0.32928686163157667,,S
208,1,3,"Albimona, Mr. Nassef Cassem",male,-0.25482473201211503,0,0,2699,-0.2701412180209885,,C
209,1,3,"Carr, Miss. Helen ""Ellen""",female,-0.9437045036915235,0,0,367231,-0.49237782784290063,,Q
210,1,1,"Blank, Mr. Henry",male,0.7096069483390568,0,0,112277,-0.024246350754841113,A31,C
211,0,3,"Ali, Mr. Ahmed",male,-0.3926006863479967,0,0,SOTON/O.Q. 3101311,-0.5064721088735089,,S
212,1,2,"Cameron, Miss. Clear Annie",female,0.36516706249935255,0,0,F.C.C. 13528,-0.22559322262067316,,S
213,0,3,"Perkin, Mr. John Henry",male,-0.5303766406838785,0,0,A/5 21174,-0.5024451714361923,,S
214,0,2,"Givard, Mr. Hans Kristensen",male,0.020727176659648322,0,0,250646,-0.3866707201133388,,S
217,1,3,"Honkanen, Miss. Eliina",female,-0.1859367548441742,0,0,STON/O2. 3101283,-0.4888542575852486,,S
218,0,2,"Jacobsohn, Mr. Sidney Samuel",male,0.8473829026749384,1,0,243847,-0.10478509950117394,,S
220,0,2,"Harris, Mr. Walter",male,0.020727176659648322,0,0,W/C 14208,-0.43700743807979686,,S
221,1,3,"Sunderland, Mr. Victor Francis",male,-0.9437045036915235,0,0,SOTON/OQ 392089,-0.4863374216869257,,S
222,0,2,"Bracken, Mr. James H",male,-0.1859367548441742,0,0,220367,-0.3866707201133388,,S
223,0,3,"Green, Mr. George Henry",male,1.4673746971864061,0,0,21440,-0.4863374216869257,,S
226,0,3,"Berglund, Mr. Karl Ivar Sven",male,-0.5303766406838785,0,0,PP 4348,-0.4601623283443675,,S
227,1,2,"Mellors, Mr. William John",male,-0.7370405721877009,0,0,SW/PP 751,-0.43700743807979686,,S
228,0,3,"Lovell, Mr. John Hall (""Henry"")",male,-0.6337086064357897,0,0,A/5 21173,-0.5024451714361923,,S
229,0,2,"Fahlstrom, Mr. Arne Jonas",male,-0.8059285493556418,0,0,236171,-0.3866707201133388,,S
232,0,3,"Larsson, Mr. Bengt Edvin",male,-0.04816080050829252,0,0,347067,-0.4918744606632361,,S
233,0,2,"Sjostedt, Mr. Ernst Adolf",male,2.018478514529933,0,0,237442,-0.3766033765200472,,S
234,1,3,"Asplund, Miss. Lillian Gertrud",female,-1.7014722525388728,4,2,347077,-0.016444159470040135,,S
235,0,2,"Leyson, Mr. Robert William Norman",male,-0.3926006863479967,0,0,C.A. 29566,-0.43700743807979686,,S
237,0,2,"Hold, Mr. Stephen",male,0.9851588570108202,1,0,26707,-0.12491978668775715,,S
238,1,2,"Collyer, Miss. Marjorie ""Lottie""",female,-1.4948083210350502,0,2,C.A. 31921,-0.11988611489111134,,S
239,0,2,"Pengelly, Mr. Frederick William",male,-0.7370405721877009,0,0,28665,-0.43700743807979686,,S
240,0,2,"Hunt, Mr. George Henry",male,0.22739110816347086,0,0,SCO/W 1585,-0.4012683683236117,,S
243,0,2,"Coleridge, Mr. Reginald Charles",male,-0.04816080050829252,0,0,W./C. 14263,-0.43700743807979686,,S
244,0,3,"Maenpaa, Mr. Matti Alexanteri",male,-0.5303766406838785,0,0,STON/O 2. 3101275,-0.5049620073345151,,S
245,0,3,"Attalah, Mr. Sleiman",male,0.020727176659648322,0,0,2694,-0.5029485386158568,,C
247,0,3,"Lindahl, Miss. Agda Thorilda Viktoria",female,-0.3237127091800559,0,0,347071,-0.4918744606632361,,S
248,1,2,"Hamalainen, Mrs. William (Anna)",female,-0.3926006863479967,0,2,250649,-0.35646868933346404,,S
249,1,1,"Beckwith, Mr. Richard Leonard",male,0.5029430168352342,1,1,11751,0.40974072380221066,D35,S
250,0,2,"Carter, Rev. Ernest Courtenay",male,1.6740386286902287,1,0,244252,-0.12491978668775715,,S
252,0,3,"Strom, Mrs. Wilhelm (Elna Matilda Persson)",female,-0.04816080050829252,1,1,347054,-0.43776248884929375,G6,S
253,0,1,"Stead, Mr. William Thomas",male,2.225142446033755,0,0,113514,-0.11384570873513637,C87,S
254,0,3,"Lobb, Mr. William Arthur",male,0.020727176659648322,1,0,A/5. 3336,-0.32425318983493084,,S
255,0,3,"Rosblom, Mrs. Viktor (Helena Wilhelmina)",female,0.7784949255069976,0,2,370129,-0.2414492887801075,,S
256,1,3,"Touma, Mrs. Darwis (Hanne Youssef Razi)",female,-0.04816080050829252,0,2,2650,-0.3414522396297103,,C
260,1,2,"Parrish, Mrs. (Lutie Davis)",female,1.3984867200184652,0,1,230433,-0.12491978668775715,,S
262,1,3,"Asplund, Master. Edvin Rojj Felix",male,-1.8392482068747544,4,2,347077,-0.016444159470040135,,S
264,0,1,"Harrison, Mr. William",male,0.7096069483390568,0,0,112059,-0.6484216535389205,B94,S
266,0,2,"Reeves, Mr. David",male,0.43405503966729336,0,0,C.A. 17248,-0.43700743807979686,,S
267,0,3,"Panula, Mr. Ernesti Arvid",male,-0.9437045036915235,4,1,3101295,0.1506737441786005,,S
268,1,3,"Persson, Mr. Ernst Ulrik",male,-0.3237127091800559,1,0,347083,-0.4918744606632361,,S
272,1,3,"Tornquist, Mr. William Henry",male,-0.3237127091800559,0,0,LINE,-0.6484216535389205,,S
273,1,2,"Mellinger, Mrs. (Elizabeth Anne Maidment)",female,0.7784949255069976,0,1,250644,-0.255795253400548,,S
274,0,1,"Natsch, Mr. Charles H",male,0.5029430168352342,0,1,PC 17596,-0.05042144409739929,C118,C
277,0,3,"Lindblom, Miss. Augusta Charlotta",female,1.054046834178761,0,0,347073,-0.49237782784290063,,S
279,0,3,"Rice, Master. Eric",male,-1.5636962982029912,4,1,382652,-0.06199888922968463,,Q
280,1,3,"Abbott, Mrs. Stanton (Rosa Hunt)",female,0.36516706249935255,1,1,C.A. 2673,-0.24069423801061057,,S
282,0,3,"Olsson, Mr. Nils Johan Goransson",male,-0.11704877767623337,0,0,347464,-0.4902797934380587,,S
283,0,3,"de Pelsmaeker, Mr. Alfons",male,-0.9437045036915235,0,0,345778,-0.45714212526638004,,S
284,1,3,"Dorking, Mr. Edward Arthur",male,-0.7370405721877009,0,0,A/5. 10482,-0.4863374216869257,,S
286,0,3,"Stankovic, Mr. Ivan",male,0.22739110816347086,0,0,349239,-0.47400492578514347,,C
287,1,3,"de Mulder, Mr. Theodore",male,0.020727176659648322,0,0,345774,-0.45714212526638004,,S
288,0,3,"Naidenoff, Mr. Penko",male,-0.5303766406838785,0,0,349206,-0.4894421904510968,,S
289,1,2,"Hosono, Mr. Masabumi",male,0.8473829026749384,0,0,237798,-0.3866707201133388,,S
290,1,3,"Connolly, Miss. Kate",female,-0.5303766406838785,0,0,370373,-0.49237782784290063,,Q
293,0,2,"Levy, Mr. Rene Jacques",male,0.43405503966729336,0,0,SC/Paris 2163,-0.3891875560116617,D,C
294,0,3,"Haas, Miss. Aloisia",female,-0.3926006863479967,0,0,349236,-0.4702296719376591,,S
295,0,3,"Mineff, Mr. Ivan",male,-0.3926006863479967,0,0,349233,-0.4894421904510968,,S
297,0,3,"Hanna, Mr. Mansour",male,-0.4270446749319672,0,0,2693,-0.5028639729296732,,C
303,0,3,"Johnson, Mr. William Cahoone Jr",male,-0.7370405721877009,0,0,LINE,-0.6484216535389205,,S
309,0,2,"Abelson, Mr. Samuel",male,0.020727176659648322,1,0,P/PP 3381,-0.16518916106092355,,C
310,1,1,"Francatelli, Miss. Laura Mabel",female,0.020727176659648322,0,0,PC 17485,0.49782998024351216,E36,C
313,0,2,"Lahtinen, Mrs. William (Anna Sylfven)",female,-0.25482473201211503,1,1,250651,-0.12491978668775715,,S
314,0,3,"Hendekovic, Mr. Ignjac",male,-0.11704877767623337,0,0,349243,-0.4894421904510968,,S
315,0,2,"Hart, Mr. Benjamin",male,0.9162708798428792,1,1,F.C.C. 13529,-0.11988611489111134,,S
316,1,3,"Nilsson, Miss. Helmina Josefina",female,-0.25482473201211503,0,0,347470,-0.4902797934380587,,S
317,1,2,"Kantor, Mrs. Sinai (Miriam Sternin)",female,-0.3926006863479967,1,0,244367,-0.12491978668775715,,S
318,0,2,"Moraweck, Dr. Ernest",male,1.6740386286902287,0,0,29011,-0.36653603292675563,,S
321,0,3,"Dennis, Mr. Samuel",male,-0.5303766406838785,0,0,A/5 21172,-0.5024451714361923,,S
322,0,3,"Danoff, Mr. Yoto",male,-0.1859367548441742,0,0,349219,-0.4894421904510968,,S
323,1,2,"Slayter, Miss. Hilda Mary",female,0.020727176659648322,0,0,234818,-0.3997582667846179,,Q
324,1,2,"Caldwell, Mrs. Albert Francis (Sylvia Mae Harbaugh)",female,-0.5303766406838785,1,1,248738,-0.06451572512800753,,S
327,0,3,"Nysveen, Mr. Johan Hansen",male,2.1562544688658143,0,0,345364,-0.5228315422126077,,S
328,1,2,"Ball, Mrs. (Ada E Hall)",female,0.43405503966729336,0,0,28551,-0.3866707201133388,D,S
329,1,3,"Goldsmith, Mrs. Frank John (Emily Alice Brown)",female,0.08961515382758917,1,1,363291,-0.2351571990343002,,S
330,1,1,"Hippach, Miss. Jean Gertrude",female,-0.9437045036915235,0,1,111361,0.5189714017894245,B18,C
332,0,1,"Partner, Mr. Austen",male,1.0884908227627315,0,0,113043,-0.07458306872129913,C124,S
334,0,3,"Vander Planke, Mr. Leo Edmondus",male,-0.9437045036915235,2,0,345764,-0.2859972841804228,,S
337,0,1,"Pears, Mr. Thomas Clinton",male,-0.04816080050829252,1,0,113776,0.6925485130875209,C2,S
339,1,3,"Dahl, Mr. Karl Edwart",male,1.054046834178761,0,0,7598,-0.4863374216869257,,S
340,0,1,"Blackwell, Mr. Stephen Weart",male,1.054046834178761,0,0,113784,0.06635974158478332,T,S
341,1,2,"Navratil, Master. Edmond Roger",male,-1.9081361840426954,1,1,230080,-0.12491978668775715,F2,S
343,0,2,"Collander, Mr. Erik Gustaf",male,-0.11704877767623337,0,0,248740,-0.3866707201133388,,S
344,0,2,"Sedgwick, Mr. Charles Frederick Waddington",male,-0.3237127091800559,0,0,244361,-0.3866707201133388,,S
345,0,2,"Fox, Mr. Stanley Hubert",male,0.43405503966729336,0,0,229236,-0.3866707201133388,,S
346,1,2,"Brown, Miss. Amelia ""Mildred""",female,-0.3926006863479967,0,0,248733,-0.3866707201133388,F33,S
347,1,2,"Smith, Miss. Marion Elsie",female,0.7096069483390568,0,0,31418,-0.3866707201133388,,S
349,1,3,"Coutts, Master. William Loch ""William""",male,-1.8392482068747544,1,1,C.A. 37671,-0.32828012727224753,,S
350,0,3,"Dimic, Mr. Jovan",male,0.8473829026749384,0,0,315088,-0.47400492578514347,,S
351,0,3,"Odahl, Mr. Nils Martin",male,-0.4614886635159376,0,0,7267,-0.4626791642426904,,S
353,0,3,"Elias, Mr. Tannous",male,-1.0125924808594644,1,1,2695,-0.5028639729296732,,C
354,0,3,"Arnold-Franchi, Mr. Josef",male,-0.3237127091800559,1,0,349237,-0.29002422161773944,,S
356,0,3,"Vanden Steen, Mr. Leo Peter",male,-0.11704877767623337,0,0,345783,-0.45714212526638004,,S
357,1,1,"Bowerman, Miss. Elsie Edith",female,-0.5303766406838785,0,1,113505,0.4589861417231558,E33,S
358,0,2,"Funk, Miss. Annie Clemmer",female,0.571830994003175,0,0,237671,-0.3866707201133388,,S
361,0,3,"Skoog, Mr. Wilhelm",male,0.7096069483390568,1,4,347088,-0.08666388103324908,,S
362,0,2,"del Carlo, Mr. Sebastiano",male,-0.04816080050829252,1,0,SC/PARIS 2167,-0.09027201697708476,,C
363,0,3,"Barbara, Mrs. (Catherine David)",female,1.054046834178761,0,1,2691,-0.3573908580066095,,C
364,0,3,"Asim, Mr. Adola",male,0.36516706249935255,0,0,SOTON/O.Q. 3101310,-0.5064721088735089,,S
366,0,3,"Adahl, Mr. Mauritz Nils Martin",male,0.020727176659648322,0,0,C 7076,-0.5024451714361923,,S
370,1,1,"Aubart, Mme. Leontine Pauline",female,-0.3926006863479967,0,0,PC 17477,0.7469121684912956,B35,C
371,1,1,"Harder, Mr. George Achilles",male,-0.3237127091800559,1,0,11765,0.4678796330534696,E50,C
372,0,3,"Wiklund, Mr. Jakob Alfred",male,-0.8059285493556418,1,0,3101267,-0.5176307525123133,,S
373,0,3,"Beavan, Mr. William Thomas",male,-0.7370405721877009,0,0,323951,-0.4863374216869257,,S
375,0,3,"Palsson, Miss. Stina Viola",female,-1.8392482068747544,3,1,349909,-0.22408312108167944,,S
377,1,3,"Landergren, Miss. Aurora Adelia",female,-0.5303766406838785,0,0,C 7077,-0.5024451714361923,,S
379,0,3,"Betros, Mr. Tannous",male,-0.6681525950197601,0,0,2648,-0.5676312212027554,,C
380,0,3,"Gustafsson, Mr. Karl Gideon",male,-0.7370405721877009,0,0,347069,-0.4918744606632361,,S
382,1,3,"Nakid, Miss. Maria (""Mary"")",female,-1.977024161210636,0,2,2653,-0.33146744825388363,,C
383,0,3,"Tikkanen, Mr. Juho",male,0.15850313099553,0,0,STON/O 2. 3101293,-0.4888542575852486,,S
384,1,1,"Holverson, Mrs. Alexander Oskar (Mary Aline Towner)",female,0.36516706249935255,1,0,113789,0.39858208016340624,,S
387,0,3,"Goodwin, Master. Sidney Leonard",male,-1.977024161210636,5,2,CA 2144,0.2958951755118318,,S
388,1,2,"Buss, Miss. Kate",female,0.43405503966729336,0,0,27849,-0.3866707201133388,,S
390,1,2,"Lehmann, Miss. Bertha",female,-0.8748165265235827,0,0,SC 1748,-0.40680540729992204,,C
392,1,3,"Jansson, Mr. Carl Olof",male,-0.5992646178518193,0,0,350034,-0.49145565916975514,,S
393,0,3,"Gustafsson, Mr. Johan Birger",male,-0.11704877767623337,2,0,3101277,-0.4888542575852486,,S
395,1,3,"Sandstrom, Mrs. Hjalmar (Agnes Charlotta Bengtsson)",female,-0.3926006863479967,0,2,PP 9549,-0.312172377522981,G6,S
396,0,3,"Johansson, Mr. Erik",male,-0.5303766406838785,0,0,350052,-0.49145565916975514,,S
397,0,3,"Olsson, Miss. Elina",female,0.08961515382758917,0,0,350407,-0.4902797934380587,,S
398,0,2,"McKane, Mr. Peter David",male,1.122934811346702,0,0,28403,-0.12491978668775715,,S
399,0,2,"Pain, Dr. Alfred",male,-0.4614886635159376,0,0,244278,-0.43700743807979686,,S
400,1,2,"Trout, Mrs. William H (Jessie L)",female,-0.11704877767623337,0,0,240929,-0.393717860628643,,S
401,1,3,"Niskanen, Mr. Juha",male,0.6407189711711159,0,0,STON/O 2. 3101289,-0.4888542575852486,,S
402,0,3,"Adams, Mr. John",male,-0.25482473201211503,0,0,341826,-0.4863374216869257,,S
403,0,3,"Jussila, Miss. Mari Aina",female,-0.5992646178518193,1,0,4137,-0.4505983519307405,,S
404,0,3,"Hakkarainen, Mr. Pekka Pietari",male,-0.11704877767623337,1,0,STON/O2. 3101279,-0.32928686163157667,,S
405,0,3,"Oreskovic, Miss. Marija",female,-0.6681525950197601,0,0,315096,-0.47400492578514347,,S
406,0,2,"Gale, Mr. Shadrach",male,0.2962790853314117,1,0,28664,-0.22559322262067316,,S
407,0,3,"Widegren, Mr. Carl/Charles Peter",male,1.4673746971864061,0,0,347064,-0.49237782784290063,,S
408,1,2,"Richards, Master. William Rowe",male,-1.8392482068747544,1,1,29106,-0.2708962687904854,,S
409,0,3,"Birkeland, Mr. Hans Martin Monsen",male,-0.5992646178518193,0,0,312992,-0.4918744606632361,,S
415,1,3,"Sundman, Mr. Johan Julian",male,0.9851588570108202,0,0,STON/O 2. 3101269,-0.4888542575852486,,S
417,1,2,"Drew, Mrs. James Vivian (Lulu Thorne Christian)",female,0.2962790853314117,1,1,28220,0.005955680025033696,,S
418,1,2,"Silven, Miss. Lyyli Karoliina",female,-0.8059285493556418,0,2,250652,-0.3866707201133388,,S
419,0,2,"Matthews, Mr. William John",male,0.020727176659648322,0,0,28228,-0.3866707201133388,,S
420,0,3,"Van Impe, Miss. Catharina",female,-1.3570323666991686,0,2,345773,-0.1621689579829361,,S
422,0,3,"Charters, Mr. David",male,-0.5992646178518193,0,0,A/5. 13032,-0.49271407711891657,,Q
423,0,3,"Zimmerman, Mr. Leo",male,-0.04816080050829252,0,0,315082,-0.4898609919445778,,S
424,0,3,"Danbom, Mrs. Ernst Gilbert (Anna Sigrid Maria Brogren)",female,-0.11704877767623337,1,1,347080,-0.35848215805212236,,S
425,0,3,"Rosblom, Mr. Viktor Richard",male,-0.8059285493556418,1,1,370129,-0.2414492887801075,,S
427,1,2,"Clarke, Mrs. Charles V (Ada Maria Winfield)",female,-0.11704877767623337,1,0,2003,-0.12491978668775715,,S
428,1,2,"Phillips, Miss. Kate Florence (""Mrs Kate Louise Phillips Marshall"")",female,-0.7370405721877009,0,0,250655,-0.12491978668775715,,S
430,1,3,"Pickard, Mr. Berk (Berk Trembisky)",male,0.15850313099553,0,0,SOTON/O.Q. 392078,-0.4863374216869257,E10,S
431,1,1,"Bjornstrom-Steffansson, Mr. Mauritz Hakan",male,-0.11704877767623337,0,0,110564,-0.11384570873513637,C52,S
433,1,2,"Louch, Mrs. Charles Alexander (Alice Adelaide Slow)",female,0.8473829026749384,1,0,SC/AH 3085,-0.12491978668775715,,S
434,0,3,"Kallio, Mr. Nikolai Erland",male,-0.8748165265235827,0,0,STON/O 2. 3101274,-0.5049620073345151,,S
435,0,1,"Silvey, Mr. William Baird",male,1.3984867200184652,1,0,13507,0.4771073601910807,E44,S
437,0,3,"Ford, Miss. Doolina Margaret ""Daisy""",female,-0.5992646178518193,2,2,W./C. 6608,0.04370821849987721,,S
438,1,2,"Richards, Mrs. Sidney (Emily Hocking)",female,-0.3926006863479967,2,3,29106,-0.2708962687904854,,S
440,0,2,"Kvillner, Mr. Johan Henrik Johannesson",male,0.08961515382758917,0,0,C.A. 18723,-0.43700743807979686,,S
441,1,2,"Hart, Mrs. Benjamin (Esther Ada Bloomfield)",female,1.054046834178761,1,1,F.C.C. 13529,-0.11988611489111134,,S
442,0,3,"Hampe, Mr. Leon",male,-0.6681525950197601,0,0,345769,-0.45714212526638004,,S
443,0,3,"Petterson, Mr. Johan Emil",male,-0.3237127091800559,1,0,347076,-0.4918744606632361,,S
444,1,2,"Reynaldo, Ms. Encarnacion",female,-0.11704877767623337,0,0,230434,-0.3866707201133388,,S
447,1,2,"Mellinger, Miss. Madeleine Violet",female,-1.150368435195346,0,1,250644,-0.255795253400548,,S
448,1,1,"Seward, Mr. Frederic Kimber",male,0.2962790853314117,0,0,113794,-0.11384570873513637,,S
449,1,3,"Baclini, Miss. Marie Catherine",female,-1.7014722525388728,2,1,2666,-0.26066180729354516,,C
450,1,1,"Peuchen, Major. Arthur Godfrey",male,1.5362626743543468,0,0,113786,-0.034313694348132716,C104,S
451,0,2,"West, Mr. Edwy Arthur",male,0.43405503966729336,1,2,C.A. 34651,-0.08968408411123653,,S
453,0,1,"Foreman, Mr. Benjamin Laventall",male,0.020727176659648322,0,0,113051,-0.08968408411123653,C111,C
456,1,3,"Jalsevac, Mr. Ivan",male,-0.04816080050829252,0,0,349240,-0.4894421904510968,,C
459,1,2,"Toomey, Miss. Ellen",female,1.3984867200184652,0,0,F.C.C. 13531,-0.43700743807979686,,S
461,1,1,"Anderson, Mr. Harry",male,1.2607107656825836,0,0,19952,-0.11384570873513637,E12,S
462,0,3,"Morley, Mr. William",male,0.2962790853314117,0,0,364506,-0.4863374216869257,,S
463,0,1,"Gee, Mr. Arthur H",male,1.1918227885146426,0,0,111320,0.12676380314453292,E63,S
464,0,2,"Milling, Mr. Jacob Christian",male,1.2607107656825836,0,0,234360,-0.3866707201133388,,S
466,0,3,"Goncalves, Mr. Manuel Estanslas",male,0.571830994003175,0,0,SOTON/O.Q. 3101306,-0.5064721088735089,,S
468,0,1,"Smart, Mr. John Montgomery",male,1.8118145830261103,0,0,113792,-0.11384570873513637,,S
470,1,3,"Baclini, Miss. Helene Barbara",female,-1.9942461555026214,2,1,2666,-0.26066180729354516,,C
472,0,3,"Cacic, Mr. Luka",male,0.571830994003175,0,0,315089,-0.47400492578514347,,S
473,1,2,"West, Mrs. Edwy Arthur (Ada Mary Worth)",female,0.22739110816347086,1,2,C.A. 34651,-0.08968408411123653,,S
474,1,2,"Jerwan, Mrs. Amin S (Marie Marthe Thuillard)",female,-0.4614886635159376,0,0,SC/AH Basle 541,-0.3707300882677209,D,C
475,0,3,"Strandberg, Miss. Ida Sofia",female,-0.5303766406838785,0,0,7553,-0.45034666834090825,,S
477,0,2,"Renouf, Mr. Peter Henry",male,0.2962790853314117,1,0,31027,-0.22559322262067316,,S
478,0,3,"Braund, Mr. Lewis Richard",male,-0.04816080050829252,1,0,3460,-0.5065566745596926,,S
479,0,3,"Karlsson, Mr. Nils August",male,-0.5303766406838785,0,0,350060,-0.4969926981460655,,S
480,1,3,"Hirvonen, Miss. Hildur E",female,-1.9081361840426954,0,1,3101298,-0.4010166847337793,,S
481,0,3,"Goodwin, Master. Harold Victor",male,-1.4259203438671093,5,2,CA 2144,0.2958951755118318,,S
483,0,3,"Rouse, Mr. Richard Henry",male,1.3984867200184652,0,0,A/5 3594,-0.4863374216869257,,S
484,1,3,"Turkula, Mrs. (Hedwig)",female,2.294030423201696,0,0,4134,-0.455380340137554,,S
488,0,1,"Kent, Mr. Edward Austin",male,1.949590537361992,0,0,11771,-0.05042144409739929,B37,C
489,0,3,"Somerton, Mr. Francis William",male,0.020727176659648322,0,0,A.5. 18509,-0.4863374216869257,,S
490,1,3,"Coutts, Master. Eden Leslie ""Neville""",male,-1.4259203438671093,1,1,C.A. 37671,-0.32828012727224753,,S
492,0,3,"Windelov, Mr. Einar",male,-0.5992646178518193,0,0,SOTON/OQ 3101317,-0.5024451714361923,,S
493,0,1,"Molson, Mr. Harry Markland",male,1.7429266058581694,0,0,113787,-0.034313694348132716,C30,S
495,0,3,"Stanley, Mr. Edward Roland",male,-0.5992646178518193,0,0,A/4 45380,-0.4863374216869257,,S
500,0,3,"Svensson, Mr. Olof",male,-0.3926006863479967,0,0,350035,-0.49145565916975514,,S
501,0,3,"Calic, Mr. Petar",male,-0.8748165265235827,0,0,315086,-0.47400492578514347,,S
502,0,3,"Canavan, Miss. Mary",female,-0.5992646178518193,0,0,364846,-0.49237782784290063,,Q
504,0,3,"Laitinen, Miss. Kristina Sofia",female,0.5029430168352342,0,0,4135,-0.455380340137554,,S
507,1,2,"Quick, Mrs. Frederick Charles (Jane Richards)",female,0.22739110816347086,0,2,26360,-0.12491978668775715,,S
509,0,3,"Olsen, Mr. Henry Margido",male,-0.11704877767623337,0,0,C 4001,-0.1948878246611338,,S
510,1,3,"Lang, Mr. Fang",male,-0.25482473201211503,0,0,1601,0.48910360681684706,,S
511,1,3,"Daly, Mr. Eugene Patrick",male,-0.04816080050829252,0,0,382651,-0.49237782784290063,,Q
513,1,1,"McGough, Mr. James Robert",male,0.43405503966729336,0,0,PC 17473,-0.11913106412161445,E25,S
514,1,1,"Rothschild, Mrs. Martin (Elizabeth L. Barrett)",female,1.6740386286902287,1,0,PC 17603,0.5475787653441219,,C
515,0,3,"Coleff, Mr. Satio",male,-0.3926006863479967,0,0,349209,-0.4974960653257301,,S
516,0,1,"Walker, Mr. William Anderson",male,1.1918227885146426,0,0,36967,0.036576512298389464,D46,S
517,1,2,"Lemore, Mrs. (Amelia Milley)",female,0.2962790853314117,0,0,C.A. 34260,-0.43700743807979686,F33,S
519,1,2,"Angle, Mrs. William A (Florence ""Mary"" Agnes Hughes)",female,0.43405503966729336,1,0,226875,-0.12491978668775715,,S
520,0,3,"Pavlovic, Mr. Stefo",male,0.15850313099553,0,0,349242,-0.4894421904510968,,S
522,0,3,"Vovk, Mr. Janko",male,-0.5303766406838785,0,0,349252,-0.4894421904510968,,S
524,1,1,"Hippach, Mrs. Louis Albert (Ida Sophia Fischer)",female,0.9851588570108202,0,1,111361,0.5189714017894245,B18,C
526,0,3,"Farrell, Mr. James",male,0.7440509369230272,0,0,367232,-0.49237782784290063,,Q
527,1,2,"Ridsdale, Miss. Lucy",female,1.3984867200184652,0,0,W./C. 14258,-0.43700743807979686,,S
529,0,3,"Salonen, Mr. Johan Werner",male,0.6407189711711159,0,0,3101296,-0.4888542575852486,,S
530,0,2,"Hocking, Mr. Richard George",male,-0.4614886635159376,2,1,29104,-0.41687275089321363,,S
531,1,2,"Quick, Miss. Phyllis May",female,-1.9081361840426954,1,1,26360,-0.12491978668775715,,S
533,0,3,"Elias, Mr. Joseph Jr",male,-0.8748165265235827,1,1,2690,-0.5028639729296732,,C
535,0,3,"Cacic, Miss. Marija",female,0.020727176659648322,0,0,315084,-0.47400492578514347,,S
536,1,2,"Hart, Miss. Eva Miriam",female,-1.5636962982029912,0,2,F.C.C. 13529,-0.11988611489111134,,S
537,0,1,"Butt, Major. Archibald Willingham",male,1.054046834178761,0,0,113050,-0.11384570873513637,B38,S
540,1,1,"Frolicher, Miss. Hedwig Margaritha",female,-0.5303766406838785,0,2,13568,0.3482453621969482,B39,C
542,0,3,"Andersson, Miss. Ingeborg Constanzia",female,-1.4259203438671093,4,2,347082,-0.01870931177853076,,S
543,0,3,"Andersson, Miss. Sigrid Elisabeth",female,-1.2881443895312277,4,2,347082,-0.01870931177853076,,S
544,1,2,"Beane, Mr. Edward",male,0.15850313099553,1,0,2908,-0.12491978668775715,,S
546,0,1,"Nicholson, Mr. Arthur Ernest",male,2.362918400369637,0,0,693,-0.12491978668775715,,S
547,1,2,"Beane, Mrs. Edward (Ethel Clarke)",female,-0.7370405721877009,1,0,2908,-0.12491978668775715,,S
549,0,3,"Goldsmith, Mr. Frank John",male,0.22739110816347086,1,1,363291,-0.2351571990343002,,S
550,1,2,"Davies, Master. John Morgan Jr",male,-1.4948083210350502,1,1,C.A. 33112,0.09152810056801232,,S
552,0,2,"Sharp, Mr. Percival James R",male,-0.1859367548441742,0,0,244358,-0.12491978668775715,,S
554,1,3,"Leeni, Mr. Fahim (""Philip Zenni"")",male,-0.5303766406838785,0,0,2620,-0.5029485386158568,,C
555,1,3,"Ohman, Miss. Velin",female,-0.5303766406838785,0,0,347085,-0.4918744606632361,,S
556,0,1,"Wright, Mr. George",male,2.225142446033755,0,0,113807,-0.11384570873513637,,S
557,1,1,"Duff Gordon, Lady. (Lucille Christiana Sutherland) (""Mrs Morgan"")",female,1.2607107656825836,1,0,11755,0.1489119590497745,A16,C
560,1,3,"de Messemaeker, Mrs. Guillaume Joseph (Emma)",female,0.43405503966729336,1,0,345572,-0.29807809649237277,,S
562,0,3,"Sivic, Mr. Husein",male,0.7096069483390568,0,0,349251,-0.4894421904510968,,S
563,0,2,"Norman, Mr. Robert Douglas",male,-0.11704877767623337,0,0,218629,-0.3766033765200472,,S
566,0,3,"Davies, Mr. Alfred J",male,-0.3926006863479967,2,0,A/4 48871,-0.1621689579829361,,S
567,0,3,"Stoytcheff, Mr. Ilia",male,-0.7370405721877009,0,0,349205,-0.4894421904510968,,S
568,0,3,"Palsson, Mrs. Nils (Alma Cornelia Berglund)",female,-0.04816080050829252,0,4,349909,-0.22408312108167944,,S
570,1,3,"Jonsson, Mr. Carl",male,0.15850313099553,0,0,350417,-0.4902797934380587,,S
571,1,2,"Harris, Mr. George",male,2.225142446033755,0,0,S.W./PP 752,-0.43700743807979686,,S
572,1,1,"Appleton, Mrs. Edward Dale (Charlotte Lamson)",female,1.6051506515222878,2,0,11769,0.38809593507663365,C101,S
573,1,1,"Flynn, Mr. John Irwin (""Irving"")",male,0.43405503966729336,0,0,PC 17474,-0.11711759540295616,E25,S
575,0,3,"Rush, Mr. Alfred George John",male,-0.9437045036915235,0,0,A/4. 20589,-0.4863374216869257,,S
576,0,3,"Patchett, Mr. George",male,-0.7370405721877009,0,0,358585,-0.35646868933346404,,S
577,1,2,"Garside, Miss. Ethel",female,0.2962790853314117,0,0,243880,-0.3866707201133388,,S
578,1,1,"Silvey, Mrs. William Baird (Alice Munger)",female,0.6407189711711159,1,0,13507,0.4771073601910807,E44,S
580,1,3,"Jussila, Mr. Eiriik",male,0.15850313099553,0,0,STON/O 2. 3101286,-0.4888542575852486,,S
581,1,2,"Christy, Miss. Julie Rachel",female,-0.3237127091800559,1,1,237789,-0.04438103794142432,,S
583,0,2,"Downton, Mr. William James",male,1.6740386286902287,0,0,28403,-0.12491978668775715,,S
584,0,1,"Ross, Mr. John Hugo",male,0.43405503966729336,0,0,13049,0.15948266982273065,A10,C
587,0,2,"Jarvis, Mr. John Denzil",male,1.1918227885146426,0,0,237565,-0.3464013457401724,,S
589,0,3,"Gilinski, Mr. Eliezer",male,-0.5303766406838785,0,0,14973,-0.4863374216869257,,S
591,0,3,"Rintamaki, Mr. Matti",male,0.36516706249935255,0,0,STON/O 2. 3101273,-0.5049620073345151,,S
593,0,3,"Elsbury, Mr. William James",male,1.1918227885146426,0,0,A/5 3902,-0.5024451714361923,,S
595,0,2,"Chapman, Mr. John Henry",male,0.5029430168352342,1,0,SC/AH 29037,-0.12491978668775715,,S
596,0,3,"Van Impe, Mr. Jean Baptiste",male,0.43405503966729336,1,1,345773,-0.1621689579829361,,S
598,0,3,"Johnson, Mr. Alfred",male,1.3295987428505243,0,0,LINE,-0.6484216535389205,,S
600,1,1,"Duff Gordon, Sir. Cosmo Edmund (""Mr Morgan"")",male,1.3295987428505243,1,0,PC 17485,0.49782998024351216,A20,C
601,1,2,"Jacobsohn, Mrs. Sidney Samuel (Amy Frances Christy)",female,-0.3926006863479967,2,1,243847,-0.10478509950117394,,S
604,0,3,"Torber, Mr. Ernst William",male,0.9851588570108202,0,0,364511,-0.4863374216869257,,S
605,1,1,"Homer, Mr. Harry (""Mr E Haven"")",male,0.36516706249935255,0,0,111426,-0.11384570873513637,,C
606,0,3,"Lindell, Mr. Edvard Bengtsson",male,0.43405503966729336,1,0,349910,-0.3353272677875516,,S
607,0,3,"Karaic, Mr. Milan",male,0.020727176659648322,0,0,349246,-0.4894421904510968,,S
608,1,1,"Daniel, Mr. Robert Williams",male,-0.1859367548441742,0,0,113804,-0.034313694348132716,,S
609,1,2,"Laroche, Mrs. Joseph (Juliette Marie Louise Lafargue)",female,-0.5303766406838785,1,2,SC/Paris 2123,0.18876253192945994,,C
611,0,3,"Andersson, Mrs. Anders Johan (Alfrida Konstantia Brogren)",female,0.6407189711711159,1,5,347082,-0.01870931177853076,,S
615,0,3,"Brocklebank, Mr. William Alfred",male,0.36516706249935255,0,0,364512,-0.4863374216869257,,S
616,1,2,"Herman, Miss. Alice",female,-0.3926006863479967,1,2,220845,0.6603330135889879,,S
617,0,3,"Danbom, Mr. Ernst Gilbert",male,0.2962790853314117,1,1,347080,-0.35848215805212236,,S
618,0,3,"Lobb, Mrs. William Arthur (Cordelia K Stanlick)",female,-0.25482473201211503,1,0,A/5. 3336,-0.32425318983493084,,S
619,1,2,"Becker, Miss. Marion Louise",female,-1.7703602297068137,2,1,230136,0.13683114673782454,F4,S
620,0,2,"Gavey, Mr. Lawrence",male,-0.25482473201211503,0,0,31028,-0.43700743807979686,,S
621,0,3,"Yasbeck, Mr. Antoni",male,-0.1859367548441742,1,0,2659,-0.3573908580066095,,C
622,1,1,"Kimball, Mr. Edwin Nelson Jr",male,0.8473829026749384,1,0,11753,0.40974072380221066,D19,S
623,1,3,"Nakid, Mr. Sahid",male,-0.6681525950197601,1,1,2653,-0.33146744825388363,,C
624,0,3,"Hansen, Mr. Henry Damsgaard",male,-0.5992646178518193,0,0,350029,-0.4902797934380587,,S
625,0,3,"Bowen, Mr. David John ""Dai""",male,-0.5992646178518193,0,0,54636,-0.32425318983493084,,S
626,0,1,"Sutton, Mr. Frederick",male,2.1562544688658143,0,0,36963,0.002347544081197954,D50,S
627,0,2,"Kirkland, Rev. Charles Leonard",male,1.880702560194051,0,0,219533,-0.3997582667846179,,Q
629,0,3,"Bostandyeff, Mr. Guentcho",male,-0.25482473201211503,0,0,349224,-0.4894421904510968,,S
632,0,3,"Lundahl, Mr. Johan Svensson",male,1.4673746971864061,0,0,347743,-0.5063875431873253,,S
633,1,1,"Stahelin-Maeglin, Dr. Max",male,0.15850313099553,0,0,13214,-0.034313694348132716,B50,C
635,0,3,"Skoog, Miss. Mabel",female,-1.4259203438671093,3,2,347088,-0.08666388103324908,,S
636,1,2,"Davis, Miss. Mary",female,-0.11704877767623337,0,0,237668,-0.3866707201133388,,S
637,0,3,"Leinonen, Mr. Antti Gustaf",male,0.15850313099553,0,0,STON/O 2. 3101292,-0.4888542575852486,,S
638,0,2,"Collyer, Mr. Harvey",male,0.08961515382758917,1,1,C.A. 31921,-0.11988611489111134,,S
639,0,3,"Panula, Mrs. Juha (Maria Emilia Ojala)",female,0.7784949255069976,0,5,3101295,0.1506737441786005,,S
641,0,3,"Jensen, Mr. Hans Peder",male,-0.6681525950197601,0,0,350050,-0.4902797934380587,,S
642,1,1,"Sagesser, Mlle. Emma",female,-0.3926006863479967,0,0,PC 17477,0.7469121684912956,B35,C
643,0,3,"Skoog, Miss. Margit Elizabeth",female,-1.9081361840426954,3,2,347088,-0.08666388103324908,,S
645,1,3,"Baclini, Miss. Eugenie",female,-1.9942461555026214,2,1,2666,-0.26066180729354516,,C
647,0,3,"Cor, Mr. Liudevit",male,-0.7370405721877009,0,0,349231,-0.4894421904510968,,S
648,1,1,"Simonius-Blumer, Col. Oberst Alfons",male,1.8118145830261103,0,0,13213,0.06635974158478332,A26,C
650,1,3,"Stanley, Miss. Amy Zillah Elsie",female,-0.4614886635159376,0,0,CA. 2314,-0.49640476528021726,,S
652,1,2,"Doling, Miss. Elsie",female,-0.8059285493556418,0,1,231919,-0.18532384824750675,,S
653,0,3,"Kalvik, Mr. Johannes Halvorsen",male,-0.5992646178518193,0,0,8475,-0.47861979608830835,,S
655,0,3,"Hegarty, Miss. Hanora ""Nora""",female,-0.8059285493556418,0,0,365226,-0.5125125150294839,,Q
658,0,3,"Bourke, Mrs. John (Catherine)",female,0.15850313099553,1,1,364849,-0.3363340021468808,,Q
659,0,2,"Eitemiller, Mr. George Floyd",male,-0.4614886635159376,0,0,29751,-0.3866707201133388,,S
662,0,3,"Badt, Mr. Mohamed",male,0.7096069483390568,0,0,2623,-0.5029485386158568,,C
663,0,1,"Colley, Mr. Edward Pomeroy",male,1.1918227885146426,0,0,5727,-0.13322534515222276,E58,S
664,0,3,"Coleff, Mr. Peju",male,0.43405503966729336,0,0,349210,-0.4974960653257301,,S
665,1,3,"Lindqvist, Mr. Eino William",male,-0.6681525950197601,1,0,STON/O 2. 3101285,-0.4888542575852486,,S
667,0,2,"Butler, Mr. Reginald Fenton",male,-0.3237127091800559,0,0,234686,-0.3866707201133388,,S
669,0,3,"Cook, Mr. Jacob",male,0.9162708798428792,0,0,A/5 3536,-0.4863374216869257,,S
671,1,2,"Brown, Mrs. Thomas William Solomon (Elizabeth Catherine Ford)",female,0.7096069483390568,1,1,29750,0.13683114673782454,,S
672,0,1,"Davidson, Mr. Thornton",male,0.08961515382758917,1,0,F.C. 12750,0.39858208016340624,B71,S
674,1,2,"Wilhelms, Mr. Charles",male,0.08961515382758917,0,0,244270,-0.3866707201133388,,S
676,0,3,"Edvardsson, Mr. Gustaf Hjalmar",male,-0.8059285493556418,0,0,349912,-0.4918744606632361,,S
677,0,3,"Sawyer, Mr. Frederick Charles",male,-0.3581566977640263,0,0,342826,-0.4863374216869257,,S
678,1,3,"Turja, Miss. Anna Sofia",female,-0.8059285493556418,0,0,4138,-0.45026210265472455,,S
679,0,3,"Goodwin, Mrs. Frederick (Augusta Tyler)",female,0.9162708798428792,1,6,CA 2144,0.2958951755118318,,S
683,0,3,"Olsvigen, Mr. Thor Anderson",male,-0.6681525950197601,0,0,6563,-0.4626791642426904,,S
684,0,3,"Goodwin, Mr. Charles Edward",male,-1.0814804580274051,5,2,CA 2144,0.2958951755118318,,S
685,0,2,"Brown, Mr. Thomas William Solomon",male,2.087366491697874,1,1,29750,0.13683114673782454,,S
686,0,2,"Laroche, Mr. Joseph Philippe Lemercier",male,-0.3237127091800559,1,2,SC/Paris 2123,0.18876253192945994,,C
687,0,3,"Panula, Mr. Jaako Arnold",male,-1.0814804580274051,4,1,3101295,0.1506737441786005,,S
688,0,3,"Dakic, Mr. Branko",male,-0.7370405721877009,0,0,349228,-0.44363577710162005,,S
689,0,3,"Fischer, Mr. Eberhard Thelander",male,-0.8059285493556418,0,0,350036,-0.49145565916975514,,S
691,1,1,"Dick, Mr. Albert Adrian",male,0.08961515382758917,1,0,17474,0.49925551609632224,B20,S
692,1,3,"Karun, Miss. Manca",female,-1.7703602297068137,0,1,349256,-0.37828059596268965,,C
694,0,3,"Saad, Mr. Khalil",male,-0.3237127091800559,0,0,2672,-0.5029485386158568,,C
695,0,1,"Weir, Col. John",male,2.087366491697874,0,0,113800,-0.11384570873513637,,S
696,0,2,"Chapman, Mr. Charles Henry",male,1.5362626743543468,0,0,248731,-0.3766033765200472,,S
697,0,3,"Kelly, Mr. James",male,0.9851588570108202,0,0,363592,-0.4863374216869257,,S
700,0,3,"Humblen, Mr. Adolf Mathias Nicolai Olsen",male,0.8473829026749384,0,0,348121,-0.494391296561559,F G63,S
702,1,1,"Silverthorne, Mr. Spencer Victor",male,0.36516706249935255,0,0,PC 17475,-0.11913106412161445,E24,S
703,0,3,"Barbara, Miss. Saiide",female,-0.8059285493556418,0,1,2691,-0.3573908580066095,,C
704,0,3,"Gallagher, Mr. Martin",male,-0.3237127091800559,0,0,36864,-0.4925449457465493,,Q
705,0,3,"Hansen, Mr. Henrik Juul",male,-0.25482473201211503,1,0,350025,-0.4902797934380587,,S
706,0,2,"Morley, Mr. Henry Samuel (""Mr Henry Marshall"")",male,0.6407189711711159,0,0,250655,-0.12491978668775715,,S
707,1,2,"Kelly, Mrs. Florence ""Fannie""",female,1.054046834178761,0,0,223596,-0.3766033765200472,,S
708,1,1,"Calderhead, Mr. Edward Pennington",male,0.8473829026749384,0,0,PC 17476,-0.11913106412161445,E24,S
711,1,1,"Mayne, Mlle. Berthe Antonine (""Mrs de Villiers"")",female,-0.3926006863479967,0,0,PC 17482,0.3483299278831318,C90,C
713,1,1,"Taylor, Mr. Elmer Zebley",male,1.2607107656825836,1,0,19996,0.39858208016340624,C126,S
714,0,3,"Larsson, Mr. August Viktor",male,-0.04816080050829252,0,0,7545,-0.457478374542396,,S
715,0,2,"Greenberg, Mr. Samuel",male,1.5362626743543468,0,0,250647,-0.3866707201133388,,S
716,0,3,"Soholt, Mr. Peter Andreas Lauritz Andersen",male,-0.7370405721877009,0,0,348124,-0.494391296561559,F G73,S
718,1,2,"Troutt, Miss. Edwina Celia ""Winnie""",female,-0.1859367548441742,0,0,34218,-0.43700743807979686,E101,S
720,0,3,"Johnson, Mr. Malkolm Joackim",male,0.22739110816347086,0,0,347062,-0.4918744606632361,,S
721,1,2,"Harper, Miss. Annie Jessie ""Nina""",female,-1.6325842753709319,0,1,248727,0.016023023618325298,,S
722,0,3,"Jensen, Mr. Svend Lauritz",male,-0.8748165265235827,1,0,350048,-0.5063875431873253,,S
723,0,2,"Gillespie, Mr. William Henry",male,0.2962790853314117,0,0,12233,-0.3866707201133388,,S
724,0,2,"Hodges, Mr. Henry Price",male,1.3984867200184652,0,0,250643,-0.3866707201133388,,S
725,1,1,"Chambers, Mr. Norman Campbell",male,-0.1859367548441742,1,0,113806,0.4207302360686478,E8,S
726,0,3,"Oreskovic, Mr. Luka",male,-0.6681525950197601,0,0,315094,-0.47400492578514347,,S
727,1,2,"Renouf, Mrs. Peter Henry (Lillian Jefferys)",female,0.020727176659648322,3,0,31027,-0.22559322262067316,,S
729,0,2,"Bryhl, Mr. Kurt Arnold Gottfrid",male,-0.3237127091800559,1,0,236853,-0.12491978668775715,,S
730,0,3,"Ilmakangas, Miss. Pieta Sofia",female,-0.3237127091800559,1,0,STON/O2. 3101271,-0.4888542575852486,,S
732,0,3,"Hassan, Mr. Houssein G N",male,-1.2881443895312277,0,0,2699,-0.2701412180209885,,C
734,0,2,"Berriman, Mr. William John",male,-0.4614886635159376,0,0,28425,-0.3866707201133388,,S
735,0,2,"Troupiansky, Mr. Moses Aaron",male,-0.4614886635159376,0,0,233639,-0.3866707201133388,,S
736,0,3,"Williams, Mr. Leslie",male,-0.08260478909226295,0,0,54636,-0.32425318983493084,,S
737,0,3,"Ford, Mrs. Edward (Margaret Ann Watson)",female,1.2607107656825836,1,3,W./C. 6608,0.04370821849987721,,S
744,0,3,"McNamee, Mr. Neal",male,-0.3926006863479967,1,0,376566,-0.32425318983493084,,S
745,1,3,"Stranden, Mr. Juho",male,0.08961515382758917,0,0,STON/O 2. 3101288,-0.4888542575852486,,S
747,0,3,"Abbott, Mr. Rossmore Edward",male,-0.9437045036915235,1,1,C.A. 2673,-0.24069423801061057,,S
748,1,2,"Sinkkonen, Miss. Anna",female,0.020727176659648322,0,0,250648,-0.3866707201133388,,S
749,0,1,"Marvin, Mr. Daniel Warner",male,-0.7370405721877009,1,0,113773,0.4207302360686478,D30,S
750,0,3,"Connaghton, Mr. Michael",male,0.08961515382758917,0,0,335097,-0.49237782784290063,,Q
751,1,2,"Wells, Miss. Joan",female,-1.7703602297068137,1,1,29103,-0.18532384824750675,,S
752,1,3,"Moor, Master. Meier",male,-1.6325842753709319,0,1,392096,-0.397241430886295,E121,S
753,0,3,"Vande Velde, Mr. Johannes Joseph",male,0.22739110816347086,0,0,345780,-0.45714212526638004,,S
754,0,3,"Jonkoff, Mr. Lalio",male,-0.4614886635159376,0,0,349204,-0.4894421904510968,,S
755,1,2,"Herman, Mrs. Samuel (Jane Laver)",female,1.2607107656825836,1,2,220845,0.6603330135889879,,S
756,1,2,"Hamalainen, Master. Viljo",male,-1.9997571936760565,1,1,250649,-0.35646868933346404,,S
757,0,3,"Carlsson, Mr. August Sigfrid",male,-0.11704877767623337,0,0,350042,-0.49145565916975514,,S
758,0,2,"Bailey, Mr. Percy Andrew",male,-0.8059285493556418,0,0,29108,-0.41687275089321363,,S
759,0,3,"Theobald, Mr. Thomas Leonard",male,0.2962790853314117,0,0,363294,-0.4863374216869257,,S
762,0,3,"Nirva, Mr. Iisakki Antino Aijo",male,0.7784949255069976,0,0,SOTON/O2 3101272,-0.5049620073345151,,S
763,1,3,"Barah, Mr. Hanna Assi",male,-0.6681525950197601,0,0,2663,-0.5028639729296732,,C
765,0,3,"Eklund, Mr. Hans Linus",male,-0.9437045036915235,0,0,347074,-0.4918744606632361,,S
768,0,3,"Mangan, Miss. Mary",female,0.055171165243618744,0,0,364850,-0.49237782784290063,,Q
770,0,3,"Gronnestad, Mr. Daniel Danielsen",male,0.15850313099553,0,0,8471,-0.4800453319411184,,S
771,0,3,"Lievens, Mr. Rene Aime",male,-0.3926006863479967,0,0,345781,-0.45714212526638004,,S
772,0,3,"Jensen, Mr. Niels Peder",male,1.2607107656825836,0,0,350047,-0.4902797934380587,,S
773,0,2,"Mack, Mrs. (Mary)",female,1.880702560194051,0,0,S.O./P.P. 3,-0.43700743807979686,E77,S
775,1,2,"Hocking, Mrs. Elizabeth (Eliza Needs)",female,1.6740386286902287,1,3,29105,-0.18532384824750675,,S
776,0,3,"Myhrman, Mr. Pehr Fabian Oliver Malkolm",male,-0.8059285493556418,0,0,347078,-0.49237782784290063,,S
778,1,3,"Emanuel, Miss. Virginia Ethel",female,-1.7014722525388728,0,0,364516,-0.397241430886295,,S
781,1,3,"Ayoub, Miss. Banoura",female,-1.150368435195346,0,0,2687,-0.5028639729296732,,C
782,1,1,"Dick, Mrs. Albert Adrian (Vera Gillespie)",female,-0.8748165265235827,1,0,17474,0.49925551609632224,B20,S
783,0,1,"Long, Mr. Milton Clyde",male,-0.04816080050829252,0,0,113501,-0.04438103794142432,D6,S
785,0,3,"Ali, Mr. William",male,-0.3237127091800559,0,0,SOTON/O.Q. 3101312,-0.5064721088735089,,S
786,0,3,"Harmer, Mr. Abraham (David Lishin)",male,-0.3237127091800559,0,0,374887,-0.5024451714361923,,S
787,1,3,"Sjoblom, Miss. Anna Sofia",female,-0.8059285493556418,0,0,3101265,-0.4974960653257301,,S
788,0,3,"Rice, Master. George Hugh",male,-1.4948083210350502,4,1,382652,-0.06199888922968463,,Q
789,1,3,"Dean, Master. Bertram Vere",male,-1.977024161210636,1,2,C.A. 2315,-0.23415046467497105,,S
792,0,2,"Gaskell, Mr. Alfred",male,-0.9437045036915235,0,0,239865,-0.12491978668775715,,S
795,0,3,"Dantcheff, Mr. Ristiu",male,-0.3237127091800559,0,0,349203,-0.4894421904510968,,S
796,0,2,"Otter, Mr. Richard",male,0.6407189711711159,0,0,28213,-0.3866707201133388,,S
797,1,1,"Leader, Dr. Alice (Farnham)",female,1.3295987428505243,0,0,17465,-0.1263453225405672,D17,S
798,1,3,"Osman, Mrs. Mara",female,0.08961515382758917,0,0,349244,-0.4735861242916626,,S
799,0,3,"Ibrahim Shawah, Mr. Yousseff",male,0.020727176659648322,0,0,2685,-0.5028639729296732,,C
800,0,3,"Van Impe, Mrs. Jean Baptiste (Rosalie Paula Govaert)",female,0.020727176659648322,1,1,345773,-0.1621689579829361,,S
801,0,2,"Ponesell, Mr. Martin",male,0.2962790853314117,0,0,250647,-0.3866707201133388,,S
802,1,2,"Collyer, Mrs. Harvey (Charlotte Annie Tate)",female,0.08961515382758917,1,1,C.A. 31921,-0.11988611489111134,,S
804,1,3,"Thomas, Master. Assad Alexander",male,-2.0169791879680417,0,1,2625,-0.47694056317694733,,C
805,1,3,"Hedman, Mr. Oskar Arvid",male,-0.1859367548441742,0,0,347089,-0.5079822104125026,,S
806,0,3,"Johansson, Mr. Karl Johan",male,0.08961515382758917,0,0,347063,-0.4918744606632361,,S
807,0,1,"Andrews, Mr. Thomas Jr",male,0.6407189711711159,0,0,112050,-0.6484216535389205,A36,S
808,0,3,"Pettersson, Miss. Ellen Natalia",female,-0.8059285493556418,0,0,347087,-0.4918744606632361,,S
809,0,2,"Meyer, Mr. August",male,0.6407189711711159,0,0,248723,-0.3866707201133388,,S
810,1,1,"Chambers, Mrs. Norman Campbell (Bertha Griggs)",female,0.22739110816347086,1,0,113806,0.4207302360686478,E8,S
811,0,3,"Alexander, Mr. William",male,-0.25482473201211503,0,0,3474,-0.4896093083547455,,S
812,0,3,"Lester, Mr. James",male,0.6407189711711159,0,0,A/4 48871,-0.1621689579829361,,S
813,0,2,"Slemen, Mr. Richard James",male,0.36516706249935255,0,0,28206,-0.43700743807979686,,S
814,0,3,"Andersson, Miss. Ebba Iris Alfrida",female,-1.6325842753709319,4,2,347082,-0.01870931177853076,,S
815,0,3,"Tomlin, Mr. Ernest Portage",male,0.055171165243618744,0,0,364499,-0.4863374216869257,,S
817,0,3,"Heininen, Miss. Wendla Maria",female,-0.4614886635159376,0,0,STON/O2. 3101290,-0.4888542575852486,,S
818,0,2,"Mallet, Mr. Albert",male,0.08961515382758917,1,1,S.C./PARIS 2079,0.09664633805084172,,C
819,0,3,"Holm, Mr. John Fredrik Alexander",male,0.9162708798428792,0,0,C 7075,-0.5185529211854588,,S
820,0,3,"Skoog, Master. Karl Thorsten",male,-1.3570323666991686,3,2,347088,-0.08666388103324908,,S
822,1,3,"Lulic, Mr. Nikola",male,-0.1859367548441742,0,0,315098,-0.47400492578514347,,S
823,0,1,"Reuchlin, Jonkheer. John George",male,0.571830994003175,0,0,19972,-0.6484216535389205,,S
824,1,3,"Moor, Mrs. (Beila)",female,-0.1859367548441742,0,1,392096,-0.397241430886295,E121,S
825,0,3,"Panula, Master. Urho Abraham",male,-1.9081361840426954,4,1,3101295,0.1506737441786005,,S
828,1,2,"Mallet, Master. Andre",male,-1.977024161210636,0,2,S.C./PARIS 2079,0.09664633805084172,,C
831,1,3,"Yasbeck, Mrs. Antoni (Selini Alexander)",female,-1.0125924808594644,1,0,2659,-0.3573908580066095,,C
832,1,2,"Richards, Master. George Sibley",male,-1.9887351173291863,1,1,29106,-0.2708962687904854,,S
834,0,3,"Augustsson, Mr. Albert",male,-0.4614886635159376,0,0,347468,-0.4902797934380587,,S
835,0,3,"Allum, Mr. Owen George",male,-0.8059285493556418,0,0,2223,-0.48130374989027985,,S
837,0,3,"Pasic, Mr. Jakob",male,-0.5992646178518193,0,0,315097,-0.47400492578514347,,S
839,1,3,"Chip, Mr. Chang",male,0.15850313099553,0,0,1601,0.48910360681684706,,S
841,0,3,"Alhomaki, Mr. Ilmari Rudolf",male,-0.6681525950197601,0,0,SOTON/O2 3101287,-0.4888542575852486,,S
842,0,2,"Mudd, Mr. Thomas Charles",male,-0.9437045036915235,0,0,S.O./P.P. 3,-0.43700743807979686,,S
843,1,1,"Serepeca, Miss. Augusta",female,0.020727176659648322,0,0,113798,-0.024246350754841113,,C
844,0,3,"Lemberopolous, Mr. Peter L",male,0.33072307391538214,0,0,2683,-0.5188046047752911,,C
845,0,3,"Culumovic, Mr. Jeso",male,-0.8748165265235827,0,0,315090,-0.47400492578514347,,S
846,0,3,"Abbing, Mr. Anthony",male,0.8473829026749384,0,0,C.A. 5547,-0.49640476528021726,,S
848,0,3,"Markoff, Mr. Marin",male,0.36516706249935255,0,0,349213,-0.4894421904510968,,C
849,0,2,"Harper, Rev. John",male,-0.11704877767623337,0,1,248727,0.016023023618325298,,S
851,0,3,"Andersson, Master. Sigvard Harald Elias",male,-1.7703602297068137,4,2,347082,-0.01870931177853076,,S
853,0,3,"Boulos, Miss. Nourelain",female,-1.4259203438671093,1,1,2678,-0.3414522396297103,,C
854,1,1,"Lines, Miss. Mary Conover",female,-0.9437045036915235,0,1,PC 17592,0.14488502161245778,D28,S
855,0,2,"Carter, Mrs. Ernest Courtenay (Lilian Hughes)",female,0.9851588570108202,1,0,244252,-0.12491978668775715,,S
856,1,3,"Aks, Mrs. Sam (Leah Rosen)",female,-0.8059285493556418,0,1,392091,-0.4601623283443675,,S
858,1,1,"Daly, Mr. Peter Denis ",male,1.4673746971864061,0,0,113055,-0.11384570873513637,E17,S
859,1,3,"Baclini, Mrs. Solomon (Latifa Qurban)",female,-0.3926006863479967,0,3,2666,-0.26066180729354516,,C
861,0,3,"Hansen, Mr. Claus Peter",male,0.7784949255069976,2,0,350026,-0.36435544630444866,,S
862,0,2,"Giles, Mr. Frederick Edward",male,-0.5992646178518193,1,0,28134,-0.41687275089321363,,S
863,1,1,"Swift, Mrs. Frederick Joel (Margaret Welles Barron)",female,1.2607107656825836,0,0,17466,-0.1263453225405672,D17,S
865,0,2,"Gill, Mr. John William",male,-0.3926006863479967,0,0,233866,-0.3866707201133388,,S
866,1,2,"Bystrom, Mrs. (Karolina)",female,0.8473829026749384,0,0,236852,-0.3866707201133388,,S
867,1,2,"Duran y More, Miss. Asuncion",female,-0.1859367548441742,1,0,SC/PARIS 2149,-0.3693891181010945,,C
868,0,1,"Roebling, Mr. Washington Augustus II",male,0.08961515382758917,0,0,PC 17590,0.3682954836973478,A24,S
870,1,3,"Johnson, Master. Harold Theodor",male,-1.7703602297068137,1,1,347742,-0.4242561406845337,,S
871,0,3,"Balkic, Mr. Cerin",male,-0.25482473201211503,0,0,349248,-0.4894421904510968,,S
872,1,1,"Beckwith, Mrs. Richard Leonard (Sallie Monypeny)",female,1.1918227885146426,1,1,11751,0.40974072380221066,D35,S
873,0,1,"Carlsson, Mr. Frans Olof",male,0.22739110816347086,0,0,695,-0.5477482176060045,B51 B53 B55,S
874,0,3,"Vander Cruyssen, Mr. Victor",male,1.1918227885146426,0,0,345765,-0.46720946885967163,,S
875,1,2,"Abelson, Mrs. Samuel (Hannah Wizosky)",female,-0.11704877767623337,1,0,P/PP 3381,-0.16518916106092355,,C
876,1,3,"Najib, Miss. Adele Kiamie ""Jane""",female,-1.0125924808594644,0,0,2667,-0.5029485386158568,,C
877,0,3,"Gustafsson, Mr. Alfred Ossian",male,-0.6681525950197601,0,0,7534,-0.45017955043725955,,S
878,0,3,"Petroff, Mr. Nedelio",male,-0.7370405721877009,0,0,349212,-0.4894421904510968,,S
881,1,2,"Shelley, Mrs. William (Imanita Parrish Hall)",female,-0.3237127091800559,0,1,230433,-0.12491978668775715,,S
882,0,3,"Markun, Mr. Johann",male,0.22739110816347086,0,0,349257,-0.4894421904510968,,S
883,0,3,"Dahlberg, Miss. Gerda Ulrika",female,-0.5303766406838785,0,0,7552,-0.4366711888037809,,S
884,0,2,"Banfield, Mr. Frederick James",male,-0.11704877767623337,0,0,C.A./SOTON 34068,-0.43700743807979686,,S
885,0,3,"Sutehall, Mr. Henry Jr",male,-0.3237127091800559,0,0,SOTON/OQ 392076,-0.5064721088735089,,S
886,0,3,"Rice, Mrs. William (Margaret Norton)",female,0.6407189711711159,0,5,382652,-0.06199888922968463,,Q
887,0,2,"Montvila, Rev. Juozas",male,-0.1859367548441742,0,0,211536,-0.3866707201133388,,S
888,1,1,"Graham, Miss. Margaret Edith",female,-0.7370405721877009,0,0,112053,-0.04438103794142432,B42,S
890,1,1,"Behr, Mr. Karl Howell",male,-0.25482473201211503,0,0,111369,-0.04438103794142432,C148,C
891,0,3,"Dooley, Mr. Patrick",male,0.15850313099553,0,0,370376,-0.49237782784290063,,Q
